Date,"Flight number",From,To,"Dep time","Arr time",Duration,Airline,Aircraft,Registration,"Seat number","Seat type","Flight class","Flight reason",Note,Dep_id,Arr_id,Airline_id,Aircraft_id
2026-04-03,NH215,"Tokyo / Haneda (HND/RJTT)","Paris / Charles de Gaulle (CDG/LFPG)",09:35:00,17:10:00,14:35:00,"All Nippon Airways (NH/ANA)","Boeing 787-9 (B789)",JA899A,34A,1,1,1,"fictional public sample",10001,11001,2001,2088
2026-04-07,AF162,"Paris / Charles de Gaulle (CDG/LFPG)","Tokyo / Haneda (HND/RJTT)",13:20:00,09:45:00,13:25:00,"Air France (AF/AFR)","Boeing 777-300ER (B77W)",F-GSQX,28K,1,1,1,"fictional public sample",11001,10001,2002,2023
2026-05-10,JL43,"Tokyo / Haneda (HND/RJTT)","London / Heathrow (LHR/EGLL)",09:45:00,15:50:00,14:05:00,"Japan Airlines (JL/JAL)","Airbus A350-1000 (A35K)",JA01WJ,22A,1,1,1,"fictional public sample",10001,11002,2003,2111
2026-05-15,BA5,"London / Heathrow (LHR/EGLL)","Tokyo / Haneda (HND/RJTT)",11:50:00,08:05:00,12:15:00,"British Airways (BA/BAW)","Boeing 787-9 (B789)",G-ZBKR,33K,1,1,1,"fictional public sample",11002,10001,2004,2088
2026-06-02,NH110,"Tokyo / Haneda (HND/RJTT)","New York / John F Kennedy International Airport (JFK/KJFK)",10:20:00,10:25:00,13:05:00,"All Nippon Airways (NH/ANA)","Boeing 777-300ER (B77W)",JA784A,31C,1,1,1,"fictional public sample",10001,12001,2001,2023
2026-06-08,DL275,"Detroit / Detroit Metro Wayne County (DTW/KDTW)","Tokyo / Haneda (HND/RJTT)",13:45:00,16:25:00,13:40:00,"Delta Air Lines (DL/DAL)","Airbus A350-900 (A359)",N508DN,40G,1,1,1,"fictional public sample",12002,10001,2005,2110
2026-07-12,JL18,"Tokyo / Narita (NRT/RJAA)","Vancouver / Vancouver International (YVR/CYVR)",18:30:00,11:45:00,09:15:00,"Japan Airlines (JL/JAL)","Boeing 787-8 (B788)",JA844J,45A,1,1,1,"fictional public sample",10002,12003,2003,2087
2026-07-18,AC3,"Vancouver / Vancouver International (YVR/CYVR)","Tokyo / Narita (NRT/RJAA)",12:55:00,15:20:00,10:25:00,"Air Canada (AC/ACA)","Boeing 787-9 (B789)",C-FNOH,36K,1,1,1,"fictional public sample",12003,10002,2006,2088
2026-08-01,SQ633,"Tokyo / Haneda (HND/RJTT)","Singapore / Changi (SIN/WSSS)",17:05:00,23:05:00,07:00:00,"Singapore Airlines (SQ/SIA)","Airbus A350-900 (A359)",9V-SMW,52A,1,1,1,"fictional public sample",10001,13001,2007,2110
2026-08-05,QF38,"Singapore / Changi (SIN/WSSS)","Melbourne / Tullamarine (MEL/YMML)",23:40:00,08:45:00,07:05:00,"Qantas (QF/QFA)","Airbus A330-300 (A333)",VH-QPF,31J,1,1,1,"fictional public sample",13001,14001,2008,31
2026-08-13,QF79,"Melbourne / Tullamarine (MEL/YMML)","Tokyo / Haneda (HND/RJTT)",09:25:00,19:00:00,10:35:00,"Qantas (QF/QFA)","Airbus A330-300 (A333)",VH-QPG,28K,1,1,1,"fictional public sample",14001,10001,2008,31
2026-09-04,EK313,"Osaka / Kansai International (KIX/RJBB)","Dubai / Dubai International (DXB/OMDB)",23:45:00,04:50:00,10:05:00,"Emirates (EK/UAE)","Boeing 777-300ER (B77W)",A6-EQA,46A,1,1,1,"fictional public sample",10003,15001,2009,2023
2026-09-08,EK765,"Dubai / Dubai International (DXB/OMDB)","Cape Town / Cape Town International (CPT/FACT)",14:40:00,21:40:00,09:00:00,"Emirates (EK/UAE)","Boeing 777-300ER (B77W)",A6-EQH,37K,1,1,1,"fictional public sample",15001,16001,2009,2023
2026-09-15,QR1370,"Cape Town / Cape Town International (CPT/FACT)","Doha / Hamad International (DOH/OTHH)",13:00:00,23:50:00,09:50:00,"Qatar Airways (QR/QTR)","Airbus A350-1000 (A35K)",A7-ANB,21A,1,1,1,"fictional public sample",16001,15002,2010,2111
2026-09-16,QR806,"Doha / Hamad International (DOH/OTHH)","Tokyo / Narita (NRT/RJAA)",02:15:00,18:55:00,10:40:00,"Qatar Airways (QR/QTR)","Boeing 777-300ER (B77W)",A7-BEQ,39G,1,1,1,"fictional public sample",15002,10002,2010,2023
2026-10-03,TG661,"Tokyo / Haneda (HND/RJTT)","Bangkok / Suvarnabhumi (BKK/VTBS)",00:20:00,05:25:00,07:05:00,"Thai Airways (TG/THA)","Boeing 787-9 (B789)",HS-TWB,48H,1,1,1,"fictional public sample",10001,13002,2011,2088
2026-10-08,VN618,"Bangkok / Suvarnabhumi (BKK/VTBS)","Hanoi / Noi Bai (HAN/VVNB)",19:05:00,20:55:00,01:50:00,"Vietnam Airlines (VN/HVN)","Airbus A321-200 (A321)",VN-A603,20A,1,1,1,"fictional public sample",13002,13003,2012,2076
2026-10-12,VN384,"Hanoi / Noi Bai (HAN/VVNB)","Tokyo / Haneda (HND/RJTT)",08:00:00,15:05:00,05:05:00,"Vietnam Airlines (VN/HVN)","Boeing 787-9 (B789)",VN-A868,36K,1,1,1,"fictional public sample",13003,10001,2012,2088
2026-11-02,CI221,"Tokyo / Haneda (HND/RJTT)","Taipei / Songshan (TSA/RCSS)",14:15:00,17:15:00,04:00:00,"China Airlines (CI/CAL)","Airbus A330-300 (A333)",B-18358,25A,1,1,1,"fictional public sample",10001,13004,2013,31
2026-11-05,BR35,"Taipei / Taoyuan International (TPE/RCTP)","Toronto / Pearson International (YYZ/CYYZ)",19:20:00,21:15:00,14:55:00,"EVA Air (BR/EVA)","Boeing 777-300ER (B77W)",B-16733,52K,1,1,1,"fictional public sample",13005,12004,2014,2023
2026-11-12,AC9,"Toronto / Pearson International (YYZ/CYYZ)","Tokyo / Narita (NRT/RJAA)",13:25:00,16:25:00,13:00:00,"Air Canada (AC/ACA)","Boeing 787-9 (B789)",C-FGDZ,41C,1,1,1,"fictional public sample",12004,10002,2006,2088
2026-12-05,LH717,"Tokyo / Haneda (HND/RJTT)","Frankfurt / Frankfurt Airport (FRA/EDDF)",12:35:00,19:25:00,13:50:00,"Lufthansa (LH/DLH)","Boeing 747-8 (B748)",D-ABYT,57A,1,1,1,"fictional public sample",10001,11003,2015,2054
2026-12-08,SK676,"Frankfurt / Frankfurt Airport (FRA/EDDF)","Copenhagen / Kastrup (CPH/EKCH)",15:20:00,16:45:00,01:25:00,"Scandinavian Airlines (SK/SAS)","Airbus A320neo (A20N)",SE-ROJ,18F,1,1,1,"fictional public sample",11003,11004,2016,2125
2026-12-12,AY73,"Helsinki / Helsinki Vantaa (HEL/EFHK)","Tokyo / Narita (NRT/RJAA)",17:30:00,14:20:00,13:50:00,"Finnair (AY/FIN)","Airbus A350-900 (A359)",OH-LWC,31A,1,1,1,"fictional public sample",11005,10002,2017,2110
